Player,Pos,Team,Num,Height,Weight,DOB
Noel Acciari,C,PIT,55,70,209,12/1/91
Calen Addison,D,MIN,2,71,173,4/11/00
Sebastian Aho,D,NYI,25,70,180,2/17/96
Sebastian Aho,C,CAR,20,72,176,7/26/97
Nikita Alexandrov,C,STL,59,73,177,9/16/00
Alexander Alexeyev,D,WAS,27,76,213,11/15/99
Jake Allen,G,MON,34,74,197,8/7/90
Michael Amadio,RW,VEG,22,73,200,5/13/96
Frederik Andersen,G,CAR,31,76,238,10/2/89
Josh Anderson,RW,MON,17,75,224,5/7/94
Mikey Anderson,D,LA,44,72,195,5/25/99
Jaret Anderson-Dolan,C,LA,28,71,200,9/12/99
Rasmus Andersson,D,CAL,4,73,202,10/27/96
Emil Andrae,D,PHI,36,68,181,2/23/02
Mason Appleton,C,WIN,22,75,197,1/15/96
Viktor Arvidsson,RW,LA,33,70,185,4/8/93
Andreas Athanasiou,LW,CHI,89,74,190,8/6/94
Cam Atkinson,RW,PHI,89,68,176,6/5/89
Mikael Backlund,C,CAL,11,72,206,3/17/89
Nicklas Backstrom,C,WAS,19,73,202,11/23/87
Kevin Bahl,D,NJ,88,78,230,6/27/00
Uvis Balinskis,D,FLA,26,72,196,8/1/96
Alexander Barabanov,LW,SJ,94,70,195,6/17/94
Ivan Barbashev,C,VEG,49,73,198,12/14/95
Aleksander Barkov,C,FLA,16,75,215,9/2/95
Alex Barre-Boulet,C,TB,12,70,180,5/21/97
Tyson Barrie,D,NAS,22,71,197,7/26/91
Justin Barron,D,MON,52,74,202,11/15/01
Morgan Barron,C,WIN,36,76,220,12/2/98
Mathew Barzal,C,NYI,13,73,190,5/26/97
Nathan Bastian,RW,NJ,14,76,205,12/6/97
Drake Batherson,RW,OTT,19,75,200,4/27/98
Jake Bean,D,CLB,22,73,196,6/9/98
Anthony Beauvillier,LW,VAN,72,71,180,6/8/97
Connor Bedard,C,CHI,98,70,185,7/17/05
John Beecher,C,BOS,19,75,215,4/5/01
Pierre-Edouard Bellemare,LW,SEA,41,71,198,3/6/85
Emil Bemstrom,RW,CLB,52,72,195,6/1/99
Matty Beniers,C,SEA,10,74,178,11/5/02
Jamie Benn,LW,DAL,14,74,205,7/18/89
Sam Bennett,C,FLA,9,73,195,6/20/96
Matt Benning,D,SJ,5,73,203,5/25/94
Simon Benoit,D,TOR,2,76,205,9/19/98
Zach Benson,LW,BUF,9,70,163,5/12/05
Tyler Bertuzzi,LW,TOR,59,74,200,2/24/95
Jordan Binnington,G,STL,50,74,172,7/11/93
Oliver Bjorkstrand,RW,SEA,22,72,175,4/10/95
Tobias Bjornfot,D,LA,7,72,200,4/6/01
Nick Bjugstad,C,ARI,17,78,209,7/17/92
Colin Blackwell,C,CHI,43,69,190,3/28/93
Mackenzie Blackwood,G,SJ,29,76,225,12/9/96
Sammy Blais,LW,STL,79,74,206,6/17/96
Teddy Blueger,C,VAN,53,72,185,8/15/94
Sergei Bobrovsky,G,FLA,72,74,188,9/20/88
Brock Boeser,RW,VAN,6,73,208,2/25/97
Zach Bogosian,D,TB,24,74,231,7/15/90
Samuel Bolduc,D,NYI,4,76,220,12/9/00
Matt Boldy,LW,MIN,12,74,201,4/5/01
Nick Bonino,C,NYR,12,73,198,4/20/88
Adam Boqvist,D,CLB,27,72,182,8/15/00
Thomas Bordeleau,C,SJ,17,70,175,1/3/02
Will Borgen,D,SEA,3,75,204,12/19/96
Robert Bortuzzo,D,STL,41,76,216,3/18/89
Evan Bouchard,D,EDM,2,75,192,10/20/99
Travis Boyd,C,ARI,72,72,190,9/14/93
Erik Brannstrom,D,OTT,26,70,185,9/2/99
Jesper Bratt,LW,NJ,63,70,175,7/30/98
Bobby Brink,RW,PHI,10,68,166,7/8/01
Guillaume Brisebois,D,VAN,55,74,175,7/21/97
Philip Broberg,D,EDM,86,75,212,6/25/01
TJ Brodie,D,TOR,78,74,187,6/7/90
Jonas Brodin,D,MIN,25,74,196,7/12/93
Laurent Brossoit,G,WIN,39,75,215,3/23/93
Connor Brown,RW,EDM,28,72,184,1/14/94
Josh Brown,D,ARI,3,77,220,1/21/94
Logan Brown,C,TB,22,78,218,3/5/98
Patrick Brown,C,BOS,38,73,210,5/29/92
Jacob Bryson,D,BUF,78,69,176,11/18/97
Pavel Buchnevich,LW,STL,89,73,196,4/17/95
Michael Bunting,LW,CAR,58,72,192,9/17/95
Andre Burakovsky,LW,SEA,95,75,209,2/9/95
Brent Burns,D,CAR,8,77,230,3/9/85
Kyle Burroughs,D,SJ,4,72,193,7/12/95
Quinton Byfield,C,LA,55,77,220,8/19/02
Bowen Byram,D,COL,4,73,190,6/13/01
Jack Campbell,G,EDM,36,75,200,1/9/92
Michael Carcone,LW,ARI,53,69,170,5/19/96
Brandon Carlo,D,BOS,25,78,218,11/26/96
John Carlson,D,WAS,74,75,215,1/10/90
Leo Carlsson,C,ANA,37,75,194,12/26/04
Sam Carrick,C,ANA,39,72,200,2/4/92
Alexandre Carrier,D,NAS,45,71,174,10/8/96
William Carrier,LW,VEG,28,74,220,12/20/94
Jeff Carter,RW,PIT,77,75,219,1/1/85
Noah Cates,LW,PHI,27,73,165,2/5/99
Cole Caufield,RW,MON,22,67,175,1/2/01
Cody Ceci,D,EDM,5,74,210,12/21/93
Erik Cernak,D,TB,81,76,230,5/28/97
Thomas Chabot,D,OTT,72,74,195,1/30/97
Rourke Chartier,C,OTT,49,71,190,4/3/96
Jalen Chatfield,D,CAR,5,73,188,5/15/96
Ben Chiarot,D,DET,8,75,232,5/9/91
Declan Chisholm,D,WIN,47,73,194,1/12/00
Jakob Chychrun,D,OTT,6,74,220,3/31/98
Filip Chytil,C,NYR,72,74,208,9/5/99
Anthony Cirelli,C,TB,71,72,189,7/15/97
Casey Cizikas,C,NYI,53,71,194,2/27/91
Connor Clifton,D,BUF,75,71,190,4/28/95
Cal Clutterbuck,RW,NYI,15,72,215,11/18/87
Andrew Cogliano,C,COL,11,70,179,6/14/87
Ian Cole,D,VAN,82,73,225,2/21/89
Blake Coleman,C,CAL,20,71,199,11/28/91
Ross Colton,C,COL,20,72,194,9/11/96
J.T. Compher,LW,DET,37,72,190,4/8/95
Eric Comrie,G,BUF,31,73,183,7/6/95
Kyle Connor,LW,WIN,81,74,179,12/9/96
Logan Cooley,C,ARI,92,70,174,5/4/04
Pheonix Copley,G,LA,29,76,200,1/18/92
Andrew Copp,C,DET,18,73,199,7/8/94
Matt Coronato,RW,CAL,27,70,183,11/14/02
Paul Cotter,C,VEG,43,74,213,11/16/99
Nick Cousins,C,FLA,21,71,186,7/20/93
Logan Couture,C,SJ,39,73,206,3/28/89
Sean Couturier,C,PHI,14,75,211,12/7/92
Charlie Coyle,C,BOS,13,75,223,3/2/92
Dylan Cozens,C,BUF,24,75,195,2/9/01
Sidney Crosby,C,PIT,87,71,200,8/7/87
Lawson Crouse,LW,ARI,67,76,215,6/23/97
Will Cuylle,LW,NYR,50,75,210,2/5/02
Austin Czarnik,C,DET,21,69,170,12/12/92
Joey Daccord,G,SEA,35,74,201,8/19/96
Kirby Dach,C,MON,77,76,217,1/21/01
Evgenii Dadonov,RW,DAL,63,71,185,3/12/89
Rasmus Dahlin,D,BUF,26,75,202,4/13/00
Phillip Danault,LW,LA,24,73,200,2/24/93
Justin Danforth,RW,CLB,17,69,190,3/15/93
Calvin de Haan,D,TB,44,73,192,5/9/91
Tony DeAngelo,D,CAR,77,71,180,10/24/95
Alex DeBrincat,RW,DET,93,68,178,12/18/97
Jake DeBrusk,LW,BOS,74,72,197,10/17/96
Ty Dellandrea,C,DAL,10,73,190,7/21/00
Dylan Demelo,D,WIN,2,72,195,5/1/93
Thatcher Demko,G,VAN,35,76,192,12/8/95
Travis Dermott,D,ARI,33,72,202,12/22/96
Vincent Desharnais,D,EDM,73,78,226,5/29/96
Nicolas Deslauriers,LW,PHI,44,73,220,2/22/91
Casey DeSmith,G,VAN,29,72,181,8/13/91
Connor Dewar,C,MIN,26,70,183,6/26/99
Phillip Di Giuseppe,LW,VAN,34,72,193,10/9/93
Jason Dickinson,C,CHI,16,74,200,7/4/95
Brenden Dillon,D,WIN,5,76,224,11/13/90
Noah Dobson,D,NYI,8,76,200,1/7/00
Max Domi,C,TOR,11,70,208,3/2/95
Ryan Donato,LW,CHI,8,72,190,4/9/96
Pavel Dorofeyev,LW,VEG,16,73,194,10/26/00
Lukas Dostal,G,ANA,1,74,174,6/22/00
Drew Doughty,D,LA,8,73,210,12/8/89
Nic Dowd,C,WAS,26,73,193,5/27/90
Leon Draisaitl,C,EDM,29,74,209,10/27/95
Jonathan Drouin,LW,COL,27,71,198,3/28/95
Jack Drury,C,CAR,18,71,174,2/3/00
Jamie Drysdale,D,ANA,6,71,183,4/8/02
Dillon Dube,LW,CAL,29,71,185,7/20/98
Pierre-Luc Dubois,LW,LA,80,76,214,6/24/98
Matt Duchene,C,DAL,95,71,210,1/16/91
Anthony Duclair,LW,SJ,10,71,197,8/26/95
Walker Duehr,RW,CAL,71,74,210,11/23/97
Brandon Duhaime,RW,MIN,21,74,200,5/22/97
Matt Dumba,D,ARI,24,72,181,7/25/94
Brian Dumoulin,D,SEA,8,76,207,9/6/91
Vince Dunn,D,SEA,29,72,200,10/29/96
Sean Durzi,D,ARI,50,72,195,10/21/98
Christian Dvorak,C,MON,28,73,192,2/2/96
Jordan Eberle,RW,SEA,7,71,190,5/15/90
Joel Edmundson,D,WAS,6,77,221,6/28/93
Nikolaj Ehlers,LW,WIN,27,72,169,2/14/96
Jack Eichel,C,VEG,9,74,203,10/28/96
Aaron Ekblad,D,FLA,5,76,215,2/7/96
Mattias Ekholm,D,EDM,14,76,225,5/24/90
William Eklund,LW,SJ,72,71,181,10/12/02
Oliver Ekman-Larsson,D,FLA,91,74,191,7/17/91
Lars Eller,C,PIT,20,74,205,5/8/89
Ryan Ellis,D,PHI,94,70,180,1/3/91
Ty Emberson,D,SJ,6,73,193,5/23/00
Andreas Englund,D,LA,5,75,189,1/21/96
Pierre Engvall,LW,NYI,18,77,215,5/31/96
Mackenzie Entwistle,RW,CHI,58,75,184,7/14/99
Joel Eriksson Ek,C,MIN,14,75,207,1/29/97
Adam Erne,LW,EDM,21,73,212,4/20/95
Samuel Ersson,G,PHI,33,74,176,10/20/99
Luke Evangelista,RW,NAS,77,72,183,2/21/02
Jake Evans,C,MON,71,72,187,6/2/96
Michael Eyssimont,C,TB,23,72,180,9/9/96
Robby Fabbri,C,DET,14,71,185,1/22/96
Dante Fabbro,D,NAS,57,72,189,6/20/98
Brock Faber,D,MIN,7,73,200,8/22/02
Samuel Fagemo,LW,NAS,11,72,200,3/14/00
Radek Faksa,C,DAL,12,75,215,1/9/94
Adam Fantilli,C,CLB,11,74,195,10/12/04
Joel Farabee,LW,PHI,86,72,183,2/25/00
Hudson Fasching,RW,NYI,20,75,209,7/28/95
Jesper Fast,RW,CAR,71,73,191,12/2/91
Justin Faulk,D,STL,72,72,214,3/20/92
Martin Fehervary,D,WAS,42,74,199,10/6/99
Mario Ferraro,D,SJ,38,72,209,9/17/98
Kevin Fiala,LW,LA,22,70,204,7/22/96
Christian Fischer,RW,DET,36,74,212,4/15/97
Haydn Fleury,D,TB,7,76,208,7/8/96
Marc-Andre Fleury,G,MIN,29,74,185,11/28/84
Warren Foegele,LW,EDM,37,74,204,4/1/96
Tyson Foerster,RW,PHI,71,74,194,1/18/02
Marcus Foligno,LW,MIN,17,75,226,8/10/91
Nick Foligno,LW,CHI,17,72,210,10/31/87
Derek Forbort,D,BOS,28,76,208,3/4/92
Anton Forsberg,G,OTT,31,75,193,11/27/92
Filip Forsberg,LW,NAS,9,73,205,8/13/94
Gustav Forsling,D,FLA,42,72,195,6/12/96
Liam Foudy,RW,CLB,19,74,188,2/4/00
Cam Fowler,D,ANA,4,73,215,12/5/91
Adam Fox,D,NYR,23,71,185,2/17/98
Pavel Francouz,G,COL,39,72,179,6/3/90
Trent Frederic,C,BOS,11,75,214,2/11/98
Mark Friedman,D,VAN,52,71,185,12/25/95
Morgan Frost,C,PHI,48,71,170,5/14/99
Brendan Gallagher,RW,MON,11,69,183,5/6/92
Conor Garland,RW,VAN,8,70,165,3/11/96
Frederick Gaudreau,C,MIN,89,72,184,5/1/93
Johnny Gaudreau,LW,CLB,13,69,165,8/13/93
Julien Gauthier,RW,NYI,16,76,226,10/15/97
Vladislav Gavrikov,D,LA,84,75,221,11/21/95
Morgan Geekie,C,BOS,39,75,200,7/20/98
Alexandar Georgiev,G,COL,40,73,178,2/10/96
John Gibson,G,ANA,36,75,210,7/14/93
Dennis Gilbert,D,CAL,48,74,216,10/30/96
Mark Giordano,D,TOR,55,73,202,10/3/83
Samuel Girard,D,COL,49,70,170,5/12/98
Zemgus Girgensons,LW,BUF,28,74,200,1/5/94
Claude Giroux,RW,OTT,28,71,190,1/12/88
Cody Glass,C,NAS,8,75,206,4/1/99
Luke Glendening,C,TB,11,71,190,4/28/89
Ty Glover,C,VAN,51,75,200,10/1/00
Alex Goligoski,D,MIN,33,71,173,7/30/85
Barclay Goodrow,RW,NYR,21,74,209,2/26/93
Shayne Gostisbehere,D,DET,41,71,180,4/20/93
Yanni Gourde,C,SEA,37,69,174,12/15/91
Mikael Granlund,RW,SJ,64,70,185,2/26/92
Ryan Graves,D,PIT,27,77,220,5/21/95
Jordan Greenway,LW,BUF,12,78,231,2/16/97
A.J. Greer,LW,CAL,18,75,208,12/14/96
Noah Gregor,C,TOR,18,72,190,7/28/98
Ridly Greig,C,OTT,71,72,183,8/8/02
Bo Groulx,C,ANA,24,74,198,2/6/00
Philipp Grubauer,G,SEA,31,73,188,11/25/91
Carl Grundstrom,RW,LA,91,72,195,12/1/97
Matt Grzelcyk,D,BOS,48,70,176,1/5/94
Radko Gudas,D,ANA,7,72,208,6/5/90
Erik Gudbranson,D,CLB,44,77,222,1/7/92
Jake Guentzel,LW,PIT,59,71,180,10/6/94
Kaiden Guhle,D,MON,21,74,201,1/18/02
David Gustafsson,C,WIN,19,74,212,4/11/00
Erik Gustafsson,D,NYR,56,72,189,3/14/92
Filip Gustavsson,G,MIN,32,74,184,6/7/98
Cole Guttman,C,CHI,70,69,167,4/6/99
Brandon Hagel,LW,TB,38,74,183,8/27/98
Nicolas Hague,D,VEG,14,78,240,12/5/98
Jani Hakanpaa,D,DAL,2,78,222,3/31/92
Taylor Hall,LW,CHI,71,73,210,11/14/91
Dougie Hamilton,D,NJ,7,78,230,6/17/93
Travis Hamonic,D,OTT,23,73,200,8/16/90
Noah Hanifin,D,CAL,55,75,207,1/25/97
Joel Hanley,D,DAL,44,71,186,6/8/91
Thomas Harley,D,DAL,55,75,206,8/19/01
Jordan Harris,D,MON,54,71,189,7/7/00
Carter Hart,G,PHI,79,74,181,8/13/98
Ryan Hartman,RW,MIN,38,72,197,9/20/94
Rafael Harvey-Pinard,LW,MON,49,69,184,1/6/99
Garnet Hathaway,RW,PHI,19,75,208,11/23/91
Erik Haula,LW,NJ,56,71,191,3/23/91
Kevin Hayes,RW,STL,12,77,216,5/8/92
Barrett Hayton,C,ARI,29,73,207,6/9/00
Victor Hedman,D,TB,77,79,244,12/18/90
Ville Heinola,D,WIN,14,71,185,3/2/01
Miro Heiskanen,D,DAL,4,73,197,7/18/99
Connor Hellebuyck,G,WIN,37,76,216,5/19/93
Adam Henrique,C,ANA,14,72,195,2/6/90
Tomas Hertl,C,SJ,48,75,215,11/12/93
Adin Hill,G,VEG,33,76,215,5/11/96
Roope Hintz,LW,DAL,24,75,212,11/17/96
Nico Hischier,C,NJ,13,73,175,1/4/99
Joel Hofer,G,STL,30,77,179,7/30/00
Mike Hoffman,LW,SJ,68,72,190,11/24/89
Nils Hoglander,LW,VAN,21,69,185,12/20/00
Justin Holl,D,DET,3,75,197,1/30/92
Dylan Holloway,LW,EDM,55,73,206,9/23/01
Simon Holmstrom,RW,NYI,10,74,215,5/24/01
Alexander Holtz,RW,NJ,10,72,195,1/23/02
Bo Horvat,C,NYI,14,72,213,4/5/95
Brett Howden,C,VEG,21,74,200,3/29/98
Filip Hronek,D,VAN,17,72,190,11/2/97
Jonathan Huberdeau,LW,CAL,10,73,200,6/4/93
Jack Hughes,C,NJ,86,71,175,5/14/01
Luke Hughes,D,NJ,43,74,184,9/9/03
Quinn Hughes,D,VAN,43,70,180,10/14/99
Dryden Hunt,LW,CAL,15,72,193,11/24/95
Ville Husso,G,DET,35,75,200,2/6/95
Ben Hutton,D,VEG,17,75,201,4/20/93
Zach Hyman,LW,EDM,18,73,206,6/9/92
Alex Iafallo,LW,WIN,9,72,200,12/21/93
Connor Ingram,G,ARI,39,74,196,3/31/97
Mattias Janmark,C,EDM,13,73,205,12/8/92
Calle Jarnkrok,C,TOR,19,72,190,9/25/91
Tristan Jarry,G,PIT,35,74,194,4/29/95
Seth Jarvis,C,CAR,24,70,175,2/1/02
Tanner Jeannot,LW,TB,84,74,208,5/29/97
Boone Jenner,C,CLB,38,74,203,6/15/93
Nick Jensen,D,WAS,3,73,205,9/21/90
David Jiricek,D,CLB,55,76,199,11/28/03
Lucas Johansen,D,WAS,46,74,176,11/16/97
Ryan Johansen,C,COL,12,75,218,7/31/92
Jonas Johansson,G,TB,31,77,220,9/19/95
Marcus Johansson,LW,MIN,90,73,203,10/6/90
Erik Johnson,D,BUF,6,76,225,3/21/88
Jack Johnson,D,COL,3,73,227,1/13/87
Kent Johnson,C,CLB,91,72,175,10/18/02
Reese Johnson,C,CHI,52,73,193,7/10/98
Tyler Johnson,C,CHI,90,68,185,7/29/90
Ross Johnston,LW,ANA,44,77,234,2/18/94
Wyatt Johnston,C,DAL,53,73,184,5/14/03
Henri Jokiharju,D,BUF,10,72,200,6/17/99
Max Jones,LW,ANA,49,75,216,2/17/98
Seth Jones,D,CHI,4,76,213,10/3/94
Zac Jones,D,NYR,6,70,176,10/18/00
Mathieu Joseph,RW,OTT,21,73,187,2/9/97
Pierre-Olivier Joseph,D,PIT,73,74,185,7/1/99
Dakota Joshua,C,VAN,81,75,206,5/15/96
Roman Josi,D,NAS,59,73,201,6/1/90
Tyson Jost,C,BUF,17,71,187,3/14/98
Noah Juulsen,D,VAN,47,74,201,4/2/97
Nazem Kadri,C,CAL,91,72,185,10/6/90
Kaapo Kahkonen,G,SJ,36,74,217,8/16/96
Wyatt Kaiser,D,CHI,44,72,173,7/31/02
Kaapo Kakko,RW,NYR,24,74,205,2/13/01
Arthur Kaliyev,RW,LA,34,74,210,6/26/01
David Kampf,C,TOR,64,74,190,1/12/95
Evander Kane,LW,EDM,91,74,218,8/2/91
Kasperi Kapanen,RW,STL,42,73,194,7/23/96
Kirill Kaprizov,LW,MIN,97,70,202,4/26/97
Erik Karlsson,D,PIT,65,72,190,5/31/90
William Karlsson,C,VEG,71,72,190,1/8/93
Tye Kartye,LW,SEA,52,71,202,4/30/01
Mark Kastelic,C,OTT,12,75,233,3/11/99
Boris Katchouk,LW,CHI,14,74,206,6/18/98
Clayton Keller,RW,ARI,9,70,178,7/29/98
Parker Kelly,LW,OTT,27,72,190,5/14/99
Adrian Kempe,RW,LA,9,74,200,9/13/96
Alex Kerfoot,C,ARI,15,71,186,8/11/94
Alex Killorn,LW,ANA,17,73,194,9/14/89
John Klingberg,D,TOR,3,74,185,8/14/92
Matthew Knies,LW,TOR,23,75,217,10/17/02
Nikolai Knyzhov,D,SJ,71,75,222,3/20/98
Pyotr Kochetkov,G,CAR,52,75,205,6/25/99
Keegan Kolesar,RW,VEG,55,74,216,4/8/97
Travis Konecny,RW,PHI,11,70,175,3/11/97
Anze Kopitar,C,LA,11,75,225,8/24/87
Kevin Korchinski,D,CHI,55,73,185,6/21/04
Kaedan Korczak,D,VEG,6,75,201,1/29/01
Joonas Korpisalo,G,OTT,70,75,193,4/28/94
Klim Kostin,C,DET,24,75,215,5/5/99
Jesperi Kotkaniemi,C,CAR,82,74,201,7/6/00
Johnathan Kovacevic,D,MON,26,76,223,7/12/97
Peyton Krebs,C,BUF,19,72,187,1/26/01
Chris Kreider,LW,NYR,20,75,233,4/30/91
Torey Krug,D,STL,47,69,194,4/12/91
Dominik Kubalik,LW,OTT,81,74,190,8/21/95
Nikita Kucherov,RW,TB,86,71,181,6/17/93
Darcy Kuemper,G,WAS,35,77,215,5/5/90
Brett Kulak,D,EDM,27,73,192,1/6/94
Dmitry Kulikov,D,FLA,7,73,201,10/29/90
Luke Kunin,C,SJ,11,72,197,12/4/97
Rasmus Kupari,C,WIN,15,74,200,3/15/00
Sean Kuraly,C,CLB,7,74,213,1/20/93
Philipp Kurashev,C,CHI,23,72,190,10/12/99
Andrei Kuzmenko,LW,VAN,96,71,194,2/4/96
Evgeny Kuznetsov,C,WAS,92,74,207,5/19/92
Oliver Kylington,D,CAL,58,72,183,5/19/97
Jordan Kyrou,C,STL,25,73,196,5/5/98
Kevin Labanc,RW,SJ,62,71,185,12/12/95
Jackson LaCombe,D,ANA,60,74,205,1/9/01
Alex Laferriere,RW,LA,78,72,173,10/28/01
Sam Lafferty,RW,VAN,18,74,205,3/6/95
Alexis Lafreniere,LW,NYR,13,73,194,10/11/01
Patrik Laine,LW,CLB,29,77,205,4/19/98
Gabriel Landeskog,LW,COL,92,73,215,11/23/92
Kevin Lankinen,G,NAS,32,74,190,4/28/95
Dylan Larkin,C,DET,71,73,198,7/30/96
Adam Larsson,D,SEA,6,75,209,11/12/92
Scott Laughton,C,PHI,21,73,190,5/30/94
Jakub Lauko,C,BOS,94,72,196,3/28/00
Jeremy Lauzon,D,NAS,3,73,204,4/28/97
Curtis Lazar,C,NJ,42,72,203,2/2/95
Brett Leason,RW,ANA,20,77,218,4/30/99
Nick Leddy,D,STL,4,72,205,3/20/91
Anders Lee,LW,NYI,27,75,227,7/3/90
Artturi Lehkonen,LW,COL,62,71,179,7/4/95
Robin Lehner,G,VEG,90,76,250,7/24/91
Brendan Lemieux,LW,CAR,28,73,215,3/15/96
Kris Letang,D,PIT,58,72,201,4/24/87
Devon Levi,G,BUF,27,72,184,12/27/01
Trevor Lewis,C,LA,61,73,201,1/8/87
Timothy Liljegren,D,TOR,37,73,190,4/30/99
Esa Lindell,D,DAL,23,75,216,5/23/94
Charlie Lindgren,G,WAS,79,74,179,12/18/93
Ryan Lindgren,D,NYR,55,72,193,2/11/98
Elias Lindholm,C,CAL,28,73,202,12/2/94
Hampus Lindholm,D,BOS,27,76,215,1/20/94
Bryan Little,C,ARI,-,72,191,11/12/87
Blake Lizotte,C,LA,46,69,170,12/13/97
William Lockwood,RW,FLA,67,71,178,6/20/98
Ryan Lomberg,LW,FLA,94,69,184,12/9/94
Steven Lorentz,C,FLA,18,76,216,4/13/96
Adam Lowry,LW,WIN,17,78,208,3/29/93
Milan Lucic,LW,BOS,17,75,240,6/7/88
John Ludvig,D,PIT,53,73,213,8/2/00
Matt Luff,RW,DET,22,74,196,5/5/97
Anton Lundell,C,FLA,15,73,190,10/3/01
Isac Lundestrom,C,ANA,21,72,193,11/6/99
Nils Lundkvist,D,DAL,5,71,190,7/27/00
Tristan Luneau,D,ANA,67,74,175,1/12/04
Eetu Luostarinen,C,FLA,27,75,190,9/2/98
Ukko-Pekka Luukkonen,G,BUF,1,77,217,3/9/99
Alex Lyon,G,DET,34,73,201,12/9/92
Ilya Lyubushkin,D,ANA,46,73,200,4/6/94
Olli Maatta,D,DET,2,74,207,8/22/94
Matias Maccelli,LW,ARI,63,71,176,10/14/00
Kurtis MacDermid,D,COL,56,77,233,3/25/94
Jacob MacDonald,D,SJ,9,72,204,2/26/93
Nathan MacKinnon,C,COL,29,72,200,9/1/95
Josh Mahura,D,FLA,28,72,193,5/5/98
Cale Makar,D,COL,8,71,187,10/30/98
Beck Malenstyn,LW,WAS,47,75,200,2/4/98
Evgeni Malkin,C,PIT,71,75,195,7/31/86
Andrew Mangiapane,LW,CAL,88,70,184,4/4/96
Josh Manson,D,COL,42,75,218,10/7/91
Anthony Mantha,RW,WAS,39,77,234,9/16/94
Brad Marchand,LW,BOS,63,69,176,5/11/88
Kirill Marchenko,RW,CLB,86,75,197,7/21/00
Jonathan Marchessault,RW,VEG,81,69,185,12/27/90
Mason Marchment,LW,DAL,27,76,216,6/18/95
John Marino,D,NJ,6,73,181,5/21/97
Jacob Markstrom,G,CAL,25,78,207,1/31/90
Mitchell Marner,RW,TOR,16,72,180,5/5/97
Pat Maroon,LW,MIN,20,75,234,4/23/88
Matt Martin,LW,NYI,17,75,215,5/8/89
Spencer Martin,G,CLB,30,75,191,6/8/95
Alec Martinez,D,VEG,23,73,210,7/26/87
Jordan Martinook,LW,CAR,48,72,196,7/25/92
Mike Matheson,D,MON,8,74,196,2/27/94
Auston Matthews,C,TOR,34,75,215,9/17/97
Scott Mayfield,D,NYI,24,77,220,10/14/92
Charlie McAvoy,D,BOS,73,73,209,12/21/97
Jack McBain,C,ARI,22,75,201,1/6/00
Jake McCabe,D,TOR,22,73,211,10/12/93
Jared McCann,LW,SEA,19,73,191,5/31/96
Michael McCarron,RW,NAS,47,78,232,3/7/95
Connor McDavid,C,EDM,97,73,194,1/13/97
Ryan McDonagh,D,NAS,27,73,215,6/13/89
Brock McGinn,LW,ANA,26,72,187,2/2/94
Michael McLeod,C,NJ,20,74,190,2/3/98
Ryan McLeod,C,EDM,71,74,188,9/21/99
Connor McMichael,C,WAS,24,72,180,1/15/01
Brayden McNabb,D,VEG,3,76,215,1/21/91
Mason McTavish,C,ANA,23,72,213,1/30/03
Jaycob Megna,D,SEA,44,78,220,12/10/92
Timo Meier,RW,NJ,28,73,220,10/8/96
Dawson Mercer,C,NJ,91,72,180,10/27/01
Waltteri Merela,C,TB,39,74,196,7/6/98
Dakota Mermis,D,MIN,6,72,195,1/5/94
Jon Merrill,D,MIN,4,75,204,2/3/92
Elvis Merzlikins,G,CLB,90,75,183,4/13/94
Jake Middleton,D,MIN,5,75,219,1/2/96
Ilya Mikheyev,RW,VAN,65,74,192,10/10/94
Niko Mikkola,D,FLA,77,76,206,4/27/96
Sonny Milano,LW,WAS,15,72,194,5/12/96
Colin Miller,D,NJ,24,73,200,10/29/92
J.T. Miller,C,VAN,9,73,218,3/14/93
K'Andre Miller,D,NYR,79,77,210,1/21/00
Fraser Minten,C,TOR,39,74,192,7/5/04
Pavel Mintyukov,D,ANA,34,74,195,11/25/03
Ian Mitchell,D,BOS,14,71,193,1/18/99
Casey Mittelstadt,C,BUF,37,73,195,11/22/98
Sean Monahan,C,MON,91,74,202,10/12/94
Sam Montembeault,G,MON,35,75,222,10/30/96
Brandon Montour,D,FLA,62,72,199,4/11/94
Trevor Moore,LW,LA,12,70,195,3/31/95
Josh Morrissey,D,WIN,44,72,185,3/28/95
J.J. Moser,D,ARI,90,73,173,6/6/00
Tyler Motte,C,TB,64,70,192,3/10/95
Petr Mrazek,G,CHI,34,74,188,2/14/92
Connor Murphy,D,CHI,5,76,212,3/26/93
Matt Murray,G,TOR,30,76,203,5/25/94
Jake Muzzin,D,TOR,8,75,227,2/21/89
Tyler Myers,D,VAN,57,80,229,2/1/90
Vladislav Namestnikov,C,WIN,7,72,179,11/22/92
Martin Necas,RW,CAR,88,74,189,1/15/99
Alex Nedeljkovic,G,PIT,39,72,208,1/7/96
Jake Neighbours,LW,STL,63,72,201,3/29/02
Brock Nelson,C,NYI,29,76,210,10/15/91
Alex Newhook,C,MON,15,70,199,1/28/01
Valeri Nichushkin,RW,COL,13,76,210,3/4/95
Nino Niederreiter,RW,WIN,62,74,218,9/8/92
Matt Nieto,LW,PIT,83,71,187,11/5/92
Stefan Noesen,RW,CAR,23,73,205,2/12/93
Josh Norris,C,OTT,9,74,195,5/5/99
Tomas Nosek,LW,NJ,92,75,205,9/1/92
Tommy Novak,C,NAS,82,73,179,4/28/97
Ryan Nugent-Hopkins,C,EDM,93,72,192,4/12/93
Darnell Nurse,D,EDM,25,76,215,2/4/95
William Nylander,RW,TOR,88,72,202,5/1/96
Gustav Nyquist,LW,NAS,14,71,180,9/1/89
Liam O'Brien,C,ARI,38,73,213,7/29/94
Drew O'Connor,LW,PIT,10,75,200,6/9/98
Logan O'Connor,RW,COL,25,72,175,8/14/96
Jordan Oesterle,D,CAL,82,72,187,6/25/92
Jake Oettinger,G,DAL,29,77,224,12/18/98
Kyle Okposo,RW,BUF,21,72,218,4/16/88
Jamie Oleksiak,D,SEA,24,79,257,12/21/92
Mathieu Olivier,RW,CLB,24,73,217,2/11/97
Fredrik Olofsson,LW,COL,22,74,190,5/27/96
Victor Olofsson,LW,BUF,71,71,181,7/18/95
Ryan O'Reilly,C,NAS,90,73,207,2/7/91
Dmitry Orlov,D,CAR,7,71,214,7/23/91
T.J. Oshie,RW,WAS,77,72,187,12/23/86
Alex Ovechkin,LW,WAS,8,75,238,9/17/85
Brayden Pachal,D,VEG,94,74,202,8/23/99
Max Pacioretty,LW,WAS,67,74,217,11/20/88
Jean-Gabriel Pageau,C,NYI,44,71,185,11/11/92
Ondrej Palat,LW,NJ,18,72,194,3/28/91
Kyle Palmieri,RW,NYI,21,71,196,2/1/91
Artemi Panarin,LW,NYR,10,72,175,10/30/91
Colton Parayko,D,STL,55,78,228,5/12/93
Juuso Parssinen,C,NAS,75,75,212,2/1/01
David Pastrnak,RW,BOS,88,73,195,5/25/96
Nicholas Paul,LW,TB,20,75,223,3/20/95
Joe Pavelski,C,DAL,16,71,196,7/11/84
Tanner Pearson,LW,MON,70,73,207,8/10/92
Andrew Peeke,D,CLB,2,75,210,3/17/98
Adam Pelech,D,NYI,3,75,210,8/16/94
Jakob Pelletier,LW,CAL,22,69,170,3/7/01
Nick Perbix,D,TB,48,74,191,6/15/98
Cole Perfetti,C,WIN,91,71,184,1/1/02
David Perron,LW,DET,57,73,196,5/28/88
Corey Perry,RW,CHI,94,75,208,5/16/85
Scott Perunovich,D,STL,48,70,175,8/18/98
Brett Pesce,D,CAR,22,75,206,11/15/94
JJ Peterka,RW,BUF,77,72,189,1/14/02
Jacob Peterson,C,SJ,24,73,180,7/19/99
Jeff Petry,D,DET,46,75,209,12/9/87
Elias Pettersson,C,VAN,40,74,176,11/12/98
Marcus Pettersson,D,PIT,28,75,177,5/8/96
Michael Pezzetta,LW,MON,55,73,217,3/13/98
Matthew Phillips,RW,WAS,45,67,140,4/6/98
Alex Pietrangelo,D,VEG,7,75,215,1/18/90
Shane Pinto,C,OTT,57,75,201,11/12/00
Neal Pionk,D,WIN,4,72,185,7/29/95
Tyler Pitlick,C,NYR,71,74,199,11/1/91
Ryan Poehling,C,PHI,25,74,196,1/3/99
Brayden Point,C,TB,21,71,180,3/13/96
Matthew Poitras,C,BOS,51,71,176,3/10/04
Tucker Poolman,D,VAN,5,74,199,6/8/93
Owen Power,D,BUF,25,78,218,11/22/02
Carey Price,G,MON,31,75,217,8/16/87
Cayden Primeau,G,MON,30,74,207,8/11/99
Ivan Prosvetov,G,COL,50,77,195,3/5/99
Aliaksei Protas,C,WAS,21,78,225,1/6/01
Ivan Provorov,D,CLB,9,73,201,1/13/97
Ryan Pulock,D,NYI,6,74,216,10/6/94
Jonathan Quick,G,NYR,32,73,215,1/21/86
Jack Quinn,RW,BUF,22,73,185,9/19/01
Antti Raanta,G,CAR,32,72,195,5/12/89
Darren Raddysh,D,TB,43,73,200,2/28/96
Taylor Raddysh,RW,CHI,11,75,198,2/18/98
Rickard Rakell,RW,PIT,67,73,195,5/5/93
Mikko Rantanen,RW,COL,96,76,215,10/29/96
Michael Rasmussen,C,DET,27,78,211,4/17/99
Jack Rathbone,D,PIT,3,70,177,5/20/99
Lucas Raymond,LW,DET,23,71,176,3/28/02
Ryan Reaves,RW,TOR,75,74,226,1/20/87
Lukas Reichel,LW,CHI,27,72,170,5/17/02
Mike Reilly,D,FLA,6,73,196,7/13/93
James Reimer,G,DET,47,75,205,3/15/88
Sam Reinhart,C,FLA,13,74,193,11/6/95
Morgan Rielly,D,TOR,44,73,225,3/9/94
Rasmus Ristolainen,D,PHI,55,76,221,10/27/94
Jason Robertson,LW,DAL,21,75,202,7/22/99
Evan Rodrigues,C,FLA,17,71,175,7/28/93
Alexander Romanov,D,NYI,28,73,215,1/6/00
Kevin Rooney,C,CAL,21,74,190,5/21/93
Jerad Rosburg,D,DAL,39,74,199,6/18/96
Jack Roslovic,C,CLB,96,73,200,1/29/97
Marco Rossi,C,MIN,23,69,182,9/23/01
Matt Roy,D,LA,3,73,205,3/1/95
Nicolas Roy,C,VEG,10,76,202,2/5/97
Chad Ruhwedel,D,PIT,2,71,191,5/7/90
Bryan Rust,RW,PIT,17,71,192,5/11/92
Jan Rutta,D,SJ,84,75,204,7/29/90
Adam Ruzicka,C,CAL,63,76,215,5/11/99
Derek Ryan,C,EDM,10,70,185,12/29/86
Brandon Saad,LW,STL,20,73,215,10/27/92
Dylan Samberg,D,WIN,54,76,219,1/24/99
Ilya Samsonov,G,TOR,35,76,217,2/22/97
Mattias Samuelsson,D,BUF,23,76,231,3/14/00
Jake Sanderson,D,OTT,85,75,195,7/8/02
Rasmus Sandin,D,WAS,38,71,182,3/7/00
Felix Sandstrom,G,PHI,32,74,191,1/12/97
Travis Sanheim,D,PHI,6,75,181,3/29/96
Juuse Saros,G,NAS,74,71,180,4/19/95
David Savard,D,MON,58,73,238,10/22/90
Matt Savoie,C,BUF,93,70,179,1/1/04
Marco Scandella,D,STL,6,75,212,2/23/90
Mark Scheifele,C,WIN,55,75,198,3/15/93
Brayden Schenn,C,STL,10,73,199,8/22/91
Luke Schenn,D,NAS,2,74,225,11/2/89
Nick Schmaltz,C,ARI,8,72,181,2/23/96
Akira Schmid,G,NJ,40,77,205,5/12/00
Nate Schmidt,D,WIN,88,72,195,7/16/91
Braden Schneider,D,NYR,4,75,211,9/20/01
Justin Schultz,D,SEA,4,74,190,7/6/90
Jaden Schwartz,LW,SEA,17,70,185,6/25/92
Brent Seabrook,D,TB,-,75,220,4/20/85
Nick Seeler,D,PHI,24,74,201,6/3/93
Tyler Seguin,C,DAL,91,73,207,1/31/92
Moritz Seider,D,DET,53,76,204,4/6/01
Mikhail Sergachev,D,TB,98,73,217,6/25/98
Damon Severson,D,CLB,78,74,205,8/7/94
Yegor Sharangovich,C,CAL,17,74,196,6/6/98
Kevin Shattenkirk,D,BOS,12,72,212,1/29/89
Ryan Shea,D,PIT,5,74,200,2/11/97
Conor Sheary,LW,TB,73,69,179,6/8/92
Kiefer Sherwood,LW,NAS,44,72,194,3/31/95
Igor Shesterkin,G,NYR,31,73,197,12/30/95
Devin Shore,C,SEA,94,73,206,7/19/94
Jonas Siegenthaler,D,NJ,71,74,218,5/6/97
Jakob Silfverberg,RW,ANA,33,73,207,10/13/90
Cole Sillinger,C,CLB,4,73,201,5/16/03
Colton Sissons,C,NAS,10,73,200,11/5/93
Jeff Skinner,LW,BUF,53,71,197,5/16/92
Stuart Skinner,G,EDM,74,76,230,11/1/98
Brady Skjei,D,CAR,76,75,210,3/26/94
Juraj Slafkovsky,LW,MON,20,75,230,3/30/04
Jaccob Slavin,D,CAR,74,75,207,5/1/94
Brendan Smith,D,NJ,2,74,200,2/8/89
Cole Smith,LW,NAS,36,75,195,10/28/95
Craig Smith,RW,DAL,15,72,203,9/5/89
Givani Smith,RW,SJ,54,74,214,2/27/98
Reilly Smith,RW,PIT,19,73,185,4/1/91
Arvid Soderblom,G,CHI,40,75,180,8/19/99
Ilya Sorokin,G,NYI,30,75,195,8/4/95
Carson Soucy,D,VAN,7,77,208,7/27/94
Justin Sourdif,RW,FLA,24,71,180,3/24/02
Jordan Spence,D,LA,21,70,180,2/24/01
Daniel Sprong,RW,DET,88,72,202,3/17/97
Jared Spurgeon,D,MIN,46,69,166,11/29/89
Jordan Staal,C,CAR,11,76,220,9/10/88
Marc Staal,D,PHI,18,76,208,1/13/87
Steven Stamkos,C,TB,91,72,182,2/7/90
Logan Stanley,D,WIN,64,79,242,5/26/98
Troy Stecher,D,ARI,51,70,184,4/7/94
Sam Steel,C,DAL,18,71,185,2/3/98
Kevin Stenlund,C,FLA,82,77,215,9/20/96
Chandler Stephenson,C,VEG,20,72,209,4/22/94
Clay Stevenson,G,WAS,33,76,194,3/3/99
Anthony Stolarz,G,FLA,41,78,243,1/20/94
Mark Stone,RW,VEG,61,75,212,5/13/92
Brady Stonehouse,RW,EDM,41,70,193,8/6/04
Dylan Strome,C,WAS,17,75,200,3/7/97
Ryan Strome,C,ANA,16,73,191,7/11/93
Jack Studnicka,C,VAN,23,73,187,2/18/99
Nico Sturm,C,SJ,7,75,209,5/3/95
Tim Stutzle,LW,OTT,18,72,193,1/15/02
Oskar Sundqvist,C,STL,70,75,220,3/23/94
Pius Suter,C,VAN,24,71,179,5/24/96
Ryan Suter,D,DAL,20,73,201,1/21/85
Nick Suzuki,C,MON,14,71,212,8/10/99
Andrei Svechnikov,RW,CAR,37,74,195,3/26/00
Jeremy Swayman,G,BOS,1,74,194,11/24/98
Cam Talbot,G,LA,39,76,201,7/5/87
Brandon Tanev,LW,SEA,13,72,189,12/31/91
Chris Tanev,D,CAL,8,74,193,12/20/89
Vladimir Tarasenko,RW,OTT,91,73,228,12/13/91
Daniil Tarasov,G,CLB,40,77,196,3/27/99
Tomas Tatar,LW,COL,90,70,173,12/1/90
John Tavares,C,TOR,91,73,211,9/20/90
Teuvo Teravainen,LW,CAR,86,71,191,9/11/94
Troy Terry,RW,ANA,19,72,185,9/10/97
Alexandre Texier,C,CLB,42,73,186,9/13/99
Shea Theodore,D,VEG,27,74,197,8/3/95
Robert Thomas,C,STL,18,72,218,7/2/99
Logan Thompson,G,VEG,36,76,205,2/25/97
Tage Thompson,C,BUF,72,78,220,10/30/97
Chris Tierney,C,NJ,11,73,191,7/1/94
Conor Timmins,D,TOR,25,74,206,9/18/98
Jarred Tinordi,D,CHI,25,78,229,2/20/92
Owen Tippett,RW,PHI,74,73,207,2/16/99
Brady Tkachuk,LW,OTT,7,76,221,9/16/99
Matthew Tkachuk,LW,FLA,19,74,206,12/11/97
Devon Toews,D,COL,7,73,191,2/21/94
Tyler Toffoli,RW,NJ,73,72,203,4/24/92
Eeli Tolvanen,RW,SEA,20,70,191,4/22/99
Philip Tomasino,C,NAS,26,72,179,7/28/01
Matt Tomkins,G,TB,90,75,194,6/19/94
Alexey Toropchenko,RW,STL,13,78,222,6/25/99
Yakov Trenin,C,NAS,13,74,201,1/13/97
Vincent Trocheck,C,NYR,16,71,187,7/11/93
Jacob Trouba,D,NYR,8,75,209,2/26/94
Alex Tuch,RW,BUF,89,76,219,5/10/96
Tyler Tucker,D,STL,75,73,204,3/1/00
Linus Ullmark,G,BOS,35,77,212,7/31/93
Urho Vaakanainen,D,ANA,5,74,200,1/1/99
Juuso Valimaki,D,ARI,4,74,205,10/6/98
James van Riemsdyk,LW,BOS,21,75,208,5/4/89
Trevor van Riemsdyk,D,WAS,57,75,191,7/24/91
Vitek Vanecek,G,NJ,41,74,184,1/9/96
Semyon Varlamov,G,NYI,40,74,205,4/27/88
Andrei Vasilevskiy,G,TB,88,76,220,7/25/94
Frank Vatrano,RW,ANA,77,71,197,3/14/94
Karel Vejmelka,G,ARI,70,76,224,5/25/96
Joe Veleno,C,DET,90,73,203,1/13/00
Carter Verhaeghe,C,FLA,23,74,180,8/14/95
Jimmy Vesey,LW,NYR,26,75,200,5/26/93
Gabriel Vilardi,RW,WIN,13,75,215,8/16/99
Dan Vladar,G,CAL,80,77,209,8/20/97
Alex Vlasic,D,CHI,72,78,199,6/5/01
Marc-Edouard Vlasic,D,SJ,44,73,205,3/30/87
Jakub Voracek,RW,ARI,93,74,216,8/15/89
Jakub Vrana,LW,STL,15,72,190,2/28/96
Chris Wagner,RW,COL,14,72,192,5/27/91
Oliver Wahlstrom,RW,NYI,26,74,200,6/13/00
Sammy Walker,C,MIN,18,70,182,6/7/99
Sean Walker,D,PHI,26,71,195,11/13/94
Jake Walman,D,DET,96,74,215,2/20/96
Austin Watson,LW,TB,51,76,204,1/13/92
Shea Weber,D,ARI,-,76,230,8/14/85
Scott Wedgewood,G,DAL,41,74,201,8/14/92
MacKenzie Weegar,D,CAL,52,72,206,1/7/94
Alex Wennberg,C,SEA,21,74,190,9/22/94
Zach Werenski,D,CLB,8,74,213,7/19/97
Blake Wheeler,RW,NYR,17,77,222,8/31/86
Zach Whitecloud,D,VEG,2,74,218,11/28/96
Chris Wideman,D,MON,6,70,180,1/7/90
Tom Wilson,RW,WAS,43,76,220,3/29/94
Joseph Woll,G,TOR,60,75,202,7/12/98
Miles Wood,LW,COL,28,74,195,9/13/95
Arber Xhekaj,D,MON,72,76,240,1/30/01
Kailer Yamamoto,RW,SEA,56,68,153,9/29/98
Jesse Ylonen,RW,MON,56,73,200,10/3/99
Cam York,D,PHI,8,71,175,1/5/01
Pavel Zacha,C,BOS,18,76,199,4/6/97
Filip Zadina,RW,SJ,18,72,190,11/27/99
Nikita Zadorov,D,CAL,16,78,248,4/16/95
Nikita Zaitsev,D,CHI,22,74,192,10/29/91
Egor Zamula,D,PHI,5,75,177,3/30/00
Trevor Zegras,C,ANA,11,72,185,3/20/01
Fabian Zetterlund,LW,SJ,20,71,220,8/25/99
Mika Zibanejad,C,NYR,93,74,201,4/18/93
Artem Zub,D,OTT,2,74,200,10/3/95
Mats Zuccarello,RW,MIN,36,68,181,9/1/87
Jason Zucker,LW,ARI,16,71,192,1/16/92
